{"count":1,"self":499.79136,"total":3123.8561855999997,"children":{"InitializeActuators":{"count":49,"self":0.0029992,"total":0.0029992,"children":null},"InitializeSensors":{"count":49,"self":0.0070009,"total":0.0070009,"children":null},"AgentSendState":{"count":213217,"self":75.7602112,"total":1168.1948473999998,"children":{"UpdateModelSpacePoses":{"count":2089556,"self":32.6572544,"total":32.657255899999996,"children":null},"UpdateLocalSpacePoses":{"count":2089556,"self":22.227152,"total":22.2271526,"children":null},"CollectObservations":{"count":2089556,"self":43.695350399999995,"total":43.6953518,"children":null},"CollectDiscreteActionMasks":{"count":2089556,"self":9.217581599999999,"total":9.2175817,"children":null},"RequestDecision":{"count":2089556,"self":35.9778368,"total":984.63729349999994,"children":{"AgentInfo.ToProto":{"count":2089556,"self":31.576470399999998,"total":948.6594573,"children":{"GenerateSensorData":{"count":2089556,"self":917.08303359999991,"total":917.08298819999993,"children":null}}}}}}},"DecideAction":{"count":213217,"self":1262.6985984,"total":1262.6986356999998,"children":null},"AgentAct":{"count":213217,"self":130.562048,"total":130.5700451,"children":{"AgentInfo.ToProto":{"count":16,"self":0,"total":0.0080013999999999988,"children":{"GenerateSensorData":{"count":16,"self":0.0080013999999999988,"total":0.0080013999999999988,"children":null}}}}},"AgentInfo.ToProto":{"count":104695,"self":2.6798452,"total":62.590273399999994,"children":{"GenerateSensorData":{"count":104695,"self":59.910425599999996,"total":59.9104281,"children":null}}}},"gauges":{"TriAgentModel.CumulativeReward":{"count":104711,"max":24.3830757,"min":-2,"runningAverage":2.00465322,"value":13.3735714,"weightedAverage":8.265789}},"metadata":{"timer_format_version":"0.1.0","start_time_seconds":"1617293743","unity_version":"2018.4.28f1","command_line_arguments":"D:\\Program Files\\Unity Hub\\2018.4.28f1\\Editor\\Unity.exe -projectpath D:\/git\/Unity\/HexAgent -useHub -hubIPC -cloudEnvironment production -hubSessionId eba0dad0-9301-11eb-ac26-e5cd6b8df795 -accessToken ZMlAbp1RQKrg_i7KR70_pzKNVlBrfCx-3mtUKoCw45o002f","communication_protocol_version":"1.2.0","com.unity.ml-agents_version":"1.5.0-preview","scene_name":"SampleScene","end_time_seconds":"1617296867"}}