{"cameraMode":{"drawMode":0,"name":"Shaded","section":"Shading Mode"},"sceneLighting":false,"audioPlay":false,"sceneViewState":{"showFog":true,"showMaterialUpdate":false,"showSkybox":false,"showFlares":true,"showImageEffects":true,"showParticleSystems":true},"in2DMode":false,"pivot":{"x":-0.5735931396484375,"y":1.8636665344238282,"z":-0.0029296875},"rotation":{"x":0.13976463675498963,"y":0.5412171483039856,"z":-0.09179001301527024,"w":0.8240901231765747},"size":2.8699684143066408,"orthographic":true}