{"cameraMode":{"drawMode":0,"name":"Shaded","section":"Shading Mode"},"sceneLighting":false,"audioPlay":false,"sceneViewState":{"showFog":true,"showMaterialUpdate":false,"showSkybox":false,"showFlares":true,"showImageEffects":true,"showParticleSystems":true},"in2DMode":false,"pivot":{"x":0.47432878613471987,"y":4.231538772583008,"z":5.960464477539063e-8},"rotation":{"x":0.11015862226486206,"y":-0.3355839252471924,"z":0.03954916074872017,"w":0.9347109198570252},"size":8.229336738586426,"orthographic":false}