{"cameraMode":{"drawMode":0,"name":"Shaded","section":"Shading Mode"},"sceneLighting":false,"audioPlay":false,"sceneViewState":{"showFog":true,"showMaterialUpdate":false,"showSkybox":false,"showFlares":true,"showImageEffects":true,"showParticleSystems":true},"in2DMode":false,"pivot":{"x":0.60888671875,"y":4.0908203125,"z":-1.014892578125},"rotation":{"x":0.06843448430299759,"y":-0.6138609051704407,"z":0.05354131758213043,"w":0.7846176624298096},"size":3.905226469039917,"orthographic":true}