{"cameraMode":{"drawMode":0,"name":"Shaded","section":"Shading Mode"},"sceneLighting":false,"audioPlay":false,"sceneViewState":{"showFog":true,"showMaterialUpdate":false,"showSkybox":false,"showFlares":true,"showImageEffects":true,"showParticleSystems":true},"in2DMode":false,"pivot":{"x":6.064329147338867,"y":4.231538772583008,"z":5.960464477539063e-8},"rotation":{"x":-0.03561423346400261,"y":0.941084623336792,"z":-0.10489299893379212,"w":-0.31951335072517397},"size":8.22933578491211,"orthographic":true}