{"cameraMode":{"drawMode":0,"name":"Shaded","section":"Shading Mode"},"sceneLighting":false,"audioPlay":false,"sceneViewState":{"showFog":true,"showMaterialUpdate":false,"showSkybox":false,"showFlares":true,"showImageEffects":true,"showParticleSystems":true},"in2DMode":false,"pivot":{"x":-0.23191070556640626,"y":-1.462113857269287,"z":0.7812767028808594},"rotation":{"x":-0.21671162545681,"y":0.4239877462387085,"z":-0.10524504631757736,"w":-0.8730372190475464},"size":17.506912231445314,"orthographic":false}